Keyword,Title,Quora_link
Machine Learning,What are recurrent neural networks?,https://www.quora.com/What-are-recurrent-neural-networks?
Machine Learning,How are recurrent neural networks different from convolutional neural networks?,https://www.quora.com/How-are-recurrent-neural-networks-different-from-convolutional-neural-networks?
Machine Learning,What is the advantage of combining Convolutional Neural Network (CNN) and Recurrent Neural Network (RNN)?,https://www.quora.com/What-is-the-advantage-of-combining-Convolutional-Neural-Network-(CNN)-and-Recurrent-Neural-Network-(RNN)?
Machine Learning,What are resources for learning about recurrent neural networks?,https://www.quora.com/What-are-resources-for-learning-about-recurrent-neural-networks?
Machine Learning,What is the best research paper about recurrent neural networks to start with?,https://www.quora.com/What-is-the-best-research-paper-about-recurrent-neural-networks-to-start-with?
Machine Learning,What are principles for choosing structures for recurrent neural networks?,https://www.quora.com/What-are-principles-for-choosing-structures-for-recurrent-neural-networks?
Machine Learning,How does LSTM help prevent the vanishing (and exploding) gradient problem in a recurrent neural network?,https://www.quora.com/How-does-LSTM-help-prevent-the-vanishing-(and-exploding)-gradient-problem-in-a-recurrent-neural-network?
Machine Learning,Is there a recurrent neural networks toolkit?,https://www.quora.com/Is-there-a-recurrent-neural-networks-toolkit?
Machine Learning,How useful are standard Recurrent Neural Networks?,https://www.quora.com/How-useful-are-standard-Recurrent-Neural-Networks?
Machine Learning,Can recurrent neural networks with LSTM be used for time series prediction?,https://www.quora.com/Can-recurrent-neural-networks-with-LSTM-be-used-for-time-series-prediction?
Machine Learning,How are inputs fed into a LSTM recurrent neural network?,https://www.quora.com/How-are-inputs-fed-into-a-LSTM-recurrent-neural-network?
Machine Learning,What is the future of recurrent neural network?,https://www.quora.com/What-is-the-future-of-recurrent-neural-network?
Machine Learning,What is the difference between recurrent neural networks and recursive neural networks?,https://www.quora.com/What-is-the-difference-between-recurrent-neural-networks-and-recursive-neural-networks?
Machine Learning,Do recurrent neural networks have the Markov property?,https://www.quora.com/Do-recurrent-neural-networks-have-the-Markov-property?
Machine Learning,How should I start with Recurrent neural networks?,https://www.quora.com/How-should-I-start-with-Recurrent-neural-networks?
Machine Learning,What are encoder-decoder models in recurrent neural networks?,https://www.quora.com/What-are-encoder-decoder-models-in-recurrent-neural-networks?
Machine Learning,Can a recurrent neural network learn through videos?,https://www.quora.com/Can-a-recurrent-neural-network-learn-through-videos?
Machine Learning,Are recurrent neural networks obsolete?,https://www.quora.com/Are-recurrent-neural-networks-obsolete?
Machine Learning,What are the disadvantages of a recurrent neural network?,https://www.quora.com/What-are-the-disadvantages-of-a-recurrent-neural-network?
Machine Learning,How would you explain recurrent neural networks to a child?,https://www.quora.com/How-would-you-explain-recurrent-neural-networks-to-a-child?
