TOPICS,MAIN GENRE,SUBGENRE
Machine Learning,Machine Learning,
Supervised Learning,Machine Learning,
Types of learning,Machine Learning,
Ensemble Methods,Machine Learning,
Time Series,Machine Learning,
Transformers,Machine Learning,
Natural Language Processing,Machine Learning,
Computer Vision,Machine Learning,
Deep Learning,Machine Learning,
Feature Engineering,Machine Learning,
Types of machine learning error,Machine Learning,
Classification,Machine Learning,
Decision Trees,Machine Learning,
Recommender Systems,Machine Learning,
Large Language Models,Machine Learning,
Types of Machine Learning Training Techniques,Machine Learning,
