Keyword,Title,Quora_link
Machine Learning,How do I learn machine learning?,https://www.quora.com/How-do-I-learn-machine-learning-1
Machine Learning,What is machine learning?,https://www.quora.com/What-is-machine-learning-4
Machine Learning,Which are the best online courses for machine learning?,https://www.quora.com/Which-are-the-best-online-courses-for-machine-learning
Machine Learning,I want to learn artificial intelligence and machine learning. Where can I start?,https://www.quora.com/I-want-to-learn-artificial-intelligence-and-machine-learning-Where-can-I-start
Machine Learning,What are some really interesting machine learning projects for beginners?,https://www.quora.com/What-are-some-really-interesting-machine-learning-projects-for-beginners
Machine Learning,How do I learn mathematics for machine learning?,https://www.quora.com/How-do-I-learn-mathematics-for-machine-learning
Machine Learning,What are the main differences between artificial intelligence and machine learning? Is machine learning a part of artificial intelligence?,https://www.quora.com/What-are-the-main-differences-between-artificial-intelligence-and-machine-learning-Is-machine-learning-a-part-of-artificial-intelligence
Machine Learning,What is the difference between deep learning and usual machine learning?,https://www.quora.com/What-is-the-difference-between-deep-learning-and-usual-machine-learning
Machine Learning,Is machine learning currently overhyped?,https://www.quora.com/Is-machine-learning-currently-overhyped
Machine Learning,How does a total beginner start to learn machine learning if they have some knowledge of programming languages?,https://www.quora.com/How-does-a-total-beginner-start-to-learn-machine-learning-if-they-have-some-knowledge-of-programming-languages
Machine Learning,What are prerequisites to start learning machine learning?,https://www.quora.com/What-are-prerequisites-to-start-learning-machine-learning
Machine Learning,How can one become a good machine learning engineer?,https://www.quora.com/How-can-one-become-a-good-machine-learning-engineer
Machine Learning,"What is the difference between Data Analytics, Data Analysis, Data Mining, Data Science, Machine Learning, and Big Data?",https://www.quora.com/What-is-the-difference-between-Data-Analytics-Data-Analysis-Data-Mining-Data-Science-Machine-Learning-and-Big-Data-1
Machine Learning,What are the possible careers in machine learning?,https://www.quora.com/What-are-the-possible-careers-in-machine-learning
Machine Learning,What are some common machine learning interview questions?,https://www.quora.com/What-are-some-common-machine-learning-interview-questions
Machine Learning,What's the difference between Machine Learning and AI?,https://www.quora.com/Whats-the-difference-between-Machine-Learning-and-AI
Machine Learning,What are the best resources for learning how to use Python for Machine Learning/Data Science?,https://www.quora.com/What-are-the-best-resources-for-learning-how-to-use-Python-for-Machine-Learning-Data-Science
Machine Learning,What are some good books on machine learning?,https://www.quora.com/What-are-some-good-books-on-machine-learning
Machine Learning,"What are the best, regularly updated machine learning blogs or resources available?",https://www.quora.com/What-are-the-best-regularly-updated-machine-learning-blogs-or-resources-available
Machine Learning,Is upGrad by IIIT Bangalore (the specialization in AI and machine learning) a good course to be pursued?,https://www.quora.com/Is-upGrad-by-IIIT-Bangalore-the-specialization-in-AI-and-machine-learning-a-good-course-to-be-pursued
Machine Learning,Which is your favorite Machine Learning algorithm?,https://www.quora.com/Which-is-your-favorite-Machine-Learning-algorithm
Machine Learning,What skills are needed for machine learning jobs?,https://www.quora.com/What-skills-are-needed-for-machine-learning-jobs
Machine Learning,What are the best graduate schools for studying machine learning?,https://www.quora.com/What-are-the-best-graduate-schools-for-studying-machine-learning
Machine Learning,How does machine learning work?,https://www.quora.com/How-does-machine-learning-work
Machine Learning,Is machine learning difficult to learn?,https://www.quora.com/Is-machine-learning-difficult-to-learn
Machine Learning,What are some of the best research papers or books for Machine learning?,https://www.quora.com/What-are-some-of-the-best-research-papers-or-books-for-Machine-learning
Machine Learning,How is machine learning related to AI?,https://www.quora.com/How-is-machine-learning-related-to-AI
Machine Learning,What programming languages should I know if I want to go in machine learning?,https://www.quora.com/What-programming-languages-should-I-know-if-I-want-to-go-in-machine-learning
Machine Learning,Is Andrew Ng's Machine Learning course still the best machine learning course available?,https://www.quora.com/Is-Andrew-Ngs-Machine-Learning-course-still-the-best-machine-learning-course-available
Machine Learning,What is machine learning in layman's terms?,https://www.quora.com/What-is-machine-learning-in-laymans-terms-1
Machine Learning,What are some interesting possible applications of machine learning?,https://www.quora.com/What-are-some-interesting-possible-applications-of-machine-learning
Machine Learning,Why is Python so popular in machine learning?,https://www.quora.com/Why-is-Python-so-popular-in-machine-learning
Machine Learning,What should I learn first Machine learning or AI?,https://www.quora.com/What-should-I-learn-first-Machine-learning-or-AI
Machine Learning,I have completed Andrew Ng's Coursera class on machine learning. What should I do next? What can I do next?,https://www.quora.com/I-have-completed-Andrew-Ngs-Coursera-class-on-machine-learning-What-should-I-do-next-What-can-I-do-next
Machine Learning,How do I practice machine learning problems with python?,https://www.quora.com/How-do-I-practice-machine-learning-problems-with-python
Machine Learning,How is machine learning used in cyber security?,https://www.quora.com/How-is-machine-learning-used-in-cyber-security
Machine Learning,What does one need to know in machine learning?,https://www.quora.com/What-does-one-need-to-know-in-machine-learning
Machine Learning,What is machine learning algorithm?,https://www.quora.com/What-is-machine-learning-algorithm
Machine Learning,How can I start learning machine learning from scratch?,https://www.quora.com/How-can-I-start-learning-machine-learning-from-scratch
Machine Learning,How important is machine learning when it comes to Data Science?,https://www.quora.com/How-important-is-machine-learning-when-it-comes-to-Data-Science
Machine Learning,Is Machine Learning a good choice for a career?,https://www.quora.com/Is-Machine-Learning-a-good-choice-for-a-career
Machine Learning,What are some of the common applications of Machine Learning?,https://www.quora.com/What-are-some-of-the-common-applications-of-Machine-Learning
Machine Learning,How good is the Machine Learning course at IIIT Bangalore?,https://www.quora.com/How-good-is-the-Machine-Learning-course-at-IIIT-Bangalore
Machine Learning,Which institute best for machine learning in Delhi?,https://www.quora.com/Which-institute-best-for-machine-learning-in-Delhi
Machine Learning,"What is the key difference between AI, machine learning and deep learning? What are some real life examples?",https://www.quora.com/What-is-the-key-difference-between-AI-machine-learning-and-deep-learning-What-are-some-real-life-examples
Machine Learning,What is the best machine learning training in Bangalore?,https://www.quora.com/What-is-the-best-machine-learning-training-in-Bangalore
Machine Learning,Which company is the best for machine learning?,https://www.quora.com/Which-company-is-the-best-for-machine-learning
Machine Learning,"Could you suggest some good sources for learning ""machine learning""?",https://www.quora.com/Could-you-suggest-some-good-sources-for-learning-machine-learning
Machine Learning,What are some good YouTube channels to learn Machine learning and data science?,https://www.quora.com/What-are-some-good-YouTube-channels-to-learn-Machine-learning-and-data-science
Machine Learning,"Machine learning or Data Science, which has a better future?",https://www.quora.com/Machine-learning-or-Data-Science-which-has-a-better-future
Machine Learning,What are the best courses to start learning machine learning? I am completely new to it and have some programming background.,https://www.quora.com/What-are-the-best-courses-to-start-learning-machine-learning-I-am-completely-new-to-it-and-have-some-programming-background
Machine Learning,What is the scope of machine learning in the future?,https://www.quora.com/What-is-the-scope-of-machine-learning-in-the-future
Machine Learning,What are good ways to get started with data science for a complete novice?,https://www.quora.com/What-are-good-ways-to-get-started-with-data-science-for-a-complete-novice
Machine Learning,Where can I find Machine Learning or AI courses in India?,https://www.quora.com/Where-can-I-find-Machine-Learning-or-AI-courses-in-India
Machine Learning,What are some examples of artificial Intelligence that are not Machine Learning?,https://www.quora.com/What-are-some-examples-of-artificial-Intelligence-that-are-not-Machine-Learning
Machine Learning,Is data science/machine learning/AI overhyped right now?,https://www.quora.com/Is-data-science-machine-learning-AI-overhyped-right-now
Machine Learning,"Which is the best institute in Delhi for machine learning, artificial intelligence, and deep learning (need hands-on)?",https://www.quora.com/Which-is-the-best-institute-in-Delhi-for-machine-learning-artificial-intelligence-and-deep-learning-need-hands-on
Machine Learning,Is there any future in artificial intelligence and machine learning?,https://www.quora.com/Is-there-any-future-in-artificial-intelligence-and-machine-learning
